{"tabs":[{"name":"main","elements":[{"name":"Camera","type":"timer","data":"","layout":{"x":7,"y":5,"width":5,"height":2},"meta":{"ip":"https://google.com"}},{"name":"Auto","type":"chooser","data":"/SmartDashboard/Auto choices","layout":{"x":1,"y":5,"width":5,"height":2}},{"name":"New Element","type":"grid","data":"","layout":{"x":7,"y":1,"width":10,"height":4},"meta":{}},{"name":"New Element","type":"fms-info","data":"","layout":{"x":1,"y":1,"width":6,"height":4},"meta":{}},{"name":"New Element","type":"gyro","data":"","layout":{"x":12,"y":5,"width":5,"height":5},"meta":{}}]}]}