{
  "tabs":[{
    "name": "main",
    "elements": [
      {
        "name": "Camera",
        "type": "camera",
        "data": "",
        "layout": {
          "x":1,
          "y":1,
          "width":9,
          "height":3
        },
        "meta": {
              "ip":"https://google.com"
        }
      },
      {
        "name": "Auto Chooser",
        "type": "chooser",
        "data": "/SmartDashboard/Auto choices",
        "layout": {
            "x":1,
            "y":4,
            "width":3,
            "height":1
          }
      }
    ]}
]}